{
  "hash": "912589fd",
  "configHash": "0c8f874d",
  "lockfileHash": "874e700e",
  "browserHash": "d043ea2f",
  "optimized": {
    "@angular/core": {
      "src": "../../../../../node_modules/@angular/core/fesm2022/core.mjs",
      "file": "@angular_core.js",
      "fileHash": "9330c900",
      "needsInterop": false
    },
    "@angular/platform-browser": {
      "src": "../../../../../node_modules/@angular/platform-browser/fesm2022/platform-browser.mjs",
      "file": "@angular_platform-browser.js",
      "fileHash": "e785c0b0",
      "needsInterop": false
    },
    "@angular/router": {
      "src": "../../../../../node_modules/@angular/router/fesm2022/router.mjs",
      "file": "@angular_router.js",
      "fileHash": "96325766",
      "needsInterop": false
    },
    "@angular/forms": {
      "src": "../../../../../node_modules/@angular/forms/fesm2022/forms.mjs",
      "file": "@angular_forms.js",
      "fileHash": "bb6b7bce",
      "needsInterop": false
    }
  },
  "chunks": {
    "chunk-BM6ALEY6": {
      "file": "chunk-BM6ALEY6.js"
    },
    "chunk-ZOXZ6IDK": {
      "file": "chunk-ZOXZ6IDK.js"
    },
    "chunk-IIXUBVVP": {
      "file": "chunk-IIXUBVVP.js"
    }
  }
}