{
  "hash": "4027b487",
  "configHash": "3abfdd95",
  "lockfileHash": "80639b48",
  "browserHash": "16fc5d8c",
  "optimized": {
    "@angular/common": {
      "src": "../../../../../node_modules/@angular/common/fesm2022/common.mjs",
      "file": "@angular_common.js",
      "fileHash": "557f8e09",
      "needsInterop": false
    },
    "@angular/common/http": {
      "src": "../../../../../node_modules/@angular/common/fesm2022/http.mjs",
      "file": "@angular_common_http.js",
      "fileHash": "06b0b8cb",
      "needsInterop": false
    },
    "@angular/core": {
      "src": "../../../../../node_modules/@angular/core/fesm2022/core.mjs",
      "file": "@angular_core.js",
      "fileHash": "9b4d6410",
      "needsInterop": false
    },
    "@angular/forms": {
      "src": "../../../../../node_modules/@angular/forms/fesm2022/forms.mjs",
      "file": "@angular_forms.js",
      "fileHash": "55a50b81",
      "needsInterop": false
    },
    "@angular/material/button": {
      "src": "../../../../../node_modules/@angular/material/fesm2022/button.mjs",
      "file": "@angular_material_button.js",
      "fileHash": "c7b74b20",
      "needsInterop": false
    },
    "@angular/material/card": {
      "src": "../../../../../node_modules/@angular/material/fesm2022/card.mjs",
      "file": "@angular_material_card.js",
      "fileHash": "9afa0cda",
      "needsInterop": false
    },
    "@angular/material/divider": {
      "src": "../../../../../node_modules/@angular/material/fesm2022/divider.mjs",
      "file": "@angular_material_divider.js",
      "fileHash": "5ef8fe56",
      "needsInterop": false
    },
    "@angular/material/icon": {
      "src": "../../../../../node_modules/@angular/material/fesm2022/icon.mjs",
      "file": "@angular_material_icon.js",
      "fileHash": "d52aee86",
      "needsInterop": false
    },
    "@angular/material/input": {
      "src": "../../../../../node_modules/@angular/material/fesm2022/input.mjs",
      "file": "@angular_material_input.js",
      "fileHash": "abfdeb04",
      "needsInterop": false
    },
    "@angular/material/slide-toggle": {
      "src": "../../../../../node_modules/@angular/material/fesm2022/slide-toggle.mjs",
      "file": "@angular_material_slide-toggle.js",
      "fileHash": "d605de9e",
      "needsInterop": false
    },
    "@angular/platform-browser": {
      "src": "../../../../../node_modules/@angular/platform-browser/fesm2022/platform-browser.mjs",
      "file": "@angular_platform-browser.js",
      "fileHash": "bbca812d",
      "needsInterop": false
    },
    "@angular/platform-browser/animations": {
      "src": "../../../../../node_modules/@angular/platform-browser/fesm2022/animations.mjs",
      "file": "@angular_platform-browser_animations.js",
      "fileHash": "2b86de29",
      "needsInterop": false
    },
    "@angular/platform-browser/animations/async": {
      "src": "../../../../../node_modules/@angular/platform-browser/fesm2022/animations/async.mjs",
      "file": "@angular_platform-browser_animations_async.js",
      "fileHash": "3269d4fe",
      "needsInterop": false
    },
    "@angular/router": {
      "src": "../../../../../node_modules/@angular/router/fesm2022/router.mjs",
      "file": "@angular_router.js",
      "fileHash": "522c555b",
      "needsInterop": false
    },
    "rxjs/internal/BehaviorSubject": {
      "src": "../../../../../node_modules/rxjs/dist/esm5/internal/BehaviorSubject.js",
      "file": "rxjs_internal_BehaviorSubject.js",
      "fileHash": "d0a7f82d",
      "needsInterop": false
    },
    "rxjs": {
      "src": "../../../../../node_modules/rxjs/dist/esm5/index.js",
      "file": "rxjs.js",
      "fileHash": "15d6908c",
      "needsInterop": false
    },
    "@angular/animations": {
      "src": "../../../../../node_modules/@angular/animations/fesm2022/animations.mjs",
      "file": "@angular_animations.js",
      "fileHash": "95334e3a",
      "needsInterop": false
    }
  },
  "chunks": {
    "browser-J4NODWD4": {
      "file": "browser-J4NODWD4.js"
    },
    "chunk-CWR7NSJM": {
      "file": "chunk-CWR7NSJM.js"
    },
    "chunk-XEJQFIW2": {
      "file": "chunk-XEJQFIW2.js"
    },
    "chunk-EBVSXJWV": {
      "file": "chunk-EBVSXJWV.js"
    },
    "chunk-CU7ITBL2": {
      "file": "chunk-CU7ITBL2.js"
    },
    "chunk-UJPAF2FE": {
      "file": "chunk-UJPAF2FE.js"
    },
    "chunk-6G5ETPKT": {
      "file": "chunk-6G5ETPKT.js"
    },
    "chunk-GTS6LJFU": {
      "file": "chunk-GTS6LJFU.js"
    },
    "chunk-5HN4SRHT": {
      "file": "chunk-5HN4SRHT.js"
    },
    "chunk-OCJIPMVZ": {
      "file": "chunk-OCJIPMVZ.js"
    },
    "chunk-UYGZEGTL": {
      "file": "chunk-UYGZEGTL.js"
    }
  }
}