{
  "hash": "5c090b28",
  "configHash": "ca9852ae",
  "lockfileHash": "eb0abee6",
  "browserHash": "0cb5e0a6",
  "optimized": {
    "@angular/core": {
      "src": "../../../../../node_modules/@angular/core/fesm2022/core.mjs",
      "file": "@angular_core.js",
      "fileHash": "01b07ee5",
      "needsInterop": false
    },
    "@angular/platform-browser": {
      "src": "../../../../../node_modules/@angular/platform-browser/fesm2022/platform-browser.mjs",
      "file": "@angular_platform-browser.js",
      "fileHash": "b0535c18",
      "needsInterop": false
    },
    "@angular/router": {
      "src": "../../../../../node_modules/@angular/router/fesm2022/router.mjs",
      "file": "@angular_router.js",
      "fileHash": "371c040a",
      "needsInterop": false
    }
  },
  "chunks": {
    "chunk-P5WB54LL": {
      "file": "chunk-P5WB54LL.js"
    },
    "chunk-BNOYPYPL": {
      "file": "chunk-BNOYPYPL.js"
    }
  }
}