[
  {
    "product_name": "Vivo T2 Pro 5G",
    "product_price":23999 ,
    "product_img": "assets/Phones/a.webp",
    "product_Description": "The T2 Pro 5G smartphone features a 3D curved AMOLED screen providing a bright display with a peak brightness of 1300 nits. Improve your performance with the MediaTek Dimensity 7200 processor.....",
    "product_url": "https://www.flipkart.com/vivo-t2-pro-5g-dune-gold-256-gb/p/itm1230688cdef18?pid=MOBGT4RZUPKD8HDK&lid=LSTMOBGT4RZUPKD8HDK4QMUBF&marketplace=FLIPKART&store=tyy%2F4io&spotlightTagId=BestsellerId_tyy%2F4io&srno=b_1_1&otracker=browse&fm=organic&iid=6f18dc64-a8c0-4d06-927a-6e6def3f3973.MOBGT4RZUPKD8HDK.SEARCH&ppt=browse&ppn=browse&ssid=o1290bopuo0000001720254198250"
  },
   {
    "product_name": "Men Round Neck T-Shirts",
    "product_price": 339,
    "product_img": "assets/T-Shirts/a.webp",
    "product_Description": "Blend style and panache with this multi-stripe half-sleeved T-shirt from Louis Philippe Sport. Crafted from fine 100% Cotton for an exquisite feel, this Polo Neck design is knitted in a Slim Fit and exudes effortless charm......",
    "product_url": "https://www.flipkart.com/red-tape-printed-men-round-neck-dark-green-t-shirt/p/itm21f10d854f30e?pid=TSHGVJG93MEMDHVJ&lid=LSTTSHGVJG93MEMDHVJVYSZCC&marketplace=FLIPKART&q=t+shirts&store=clo%2Fash%2Fank%2Fedy&srno=s_1_2&otracker=AS_QueryStore_OrganicAutoSuggest_2_1_na_na_na&otracker1=AS_QueryStore_OrganicAutoSuggest_2_1_na_na_na&fm=search-autosuggest&iid=en_3yZSNFAQF4yZ05ihzwXESKJU4GuzTJp4YJ5-X_ZtdC_ON5U37KKENGO5dUU-9Uy-UMWlDJ7K3f22CU_0FMmm4A%3D%3D&ppt=sp&ppn=sp&ssid=r2wgv0q0ww0000001720179431371&qH=04ad3bdbbe706182"
  },
   {
    "product_name": "Best Combo SSC CGL Exam book",
    "product_price":549 ,
    "product_img": "assets/Books/a.webp",
    "product_Description": "These indispensable resources are crafted for SSC CGL aspirants, covering mathematics, English, and reasoning comprehensively. Each chapter features meticulously selected questions from previous exams.....",
    "product_url": "https://www.flipkart.com/best-combo-ssc-cgl-exam-warrior-maths-reasoning-english-bilingual-edition-aditya-ranjan-vikramjeet-prashant-solanki-sir-s-chand-s-exams-book-latest-2024/p/itmdaa6e9fb4e270?pid=RBKH222RAYFWYFWR&lid=LSTRBKH222RAYFWYFWRVIJ1OL&marketplace=FLIPKART&q=books&store=bks&srno=s_1_2&otracker=search&otracker1=search&fm=organic&iid=en_F0-XyaeN7Q-IMqRzPhhAmtXKAwuuXfbNE-fAnfQl5525b5vkVwWkBM-6TycdS_zWUkFuy4FYgc0ZP2uLq2T-b_UFjCTyOHoHZs-Z5_PS_w0%3D&ppt=hp&ppn=homepage&ssid=7zpjgrftzk0000001720254911004&qH=7d8949bcbf85067f"
  },
   {
    "product_name": "Men Polo Neck Pure Cotton T-Shirt",
    "product_price": 610,
    "product_img": "assets/T-Shirts/b.webp",
    "product_Description": "Blend style and panache with this multi-stripe half-sleeved T-shirt from Louis Philippe Sport. Crafted from fine 100% Cotton for an exquisite feel, this Polo Neck design is knitted in a Slim Fit and exudes effortless charm......",
    "product_url": "https://www.flipkart.com/allen-solly-printed-men-polo-neck-navy-blue-t-shirt/p/itm776bde13e6cf9?pid=TSHG2B6F2PR6GDYA&lid=LSTTSHG2B6F2PR6GDYAT73JVC&marketplace=FLIPKART&q=t+shirts&store=clo%2Fash%2Fank%2Fedy&spotlightTagId=TrendingId_clo%2Fash%2Fank%2Fedy&srno=s_1_26&otracker=AS_QueryStore_OrganicAutoSuggest_2_1_na_na_na&otracker1=AS_QueryStore_OrganicAutoSuggest_2_1_na_na_na&fm=search-autosuggest&iid=cf3e8d15-f199-49a1-ae9c-791e02e35128.TSHG2B6F2PR6GDYA.SEARCH&ppt=sp&ppn=sp&qH=04ad3bdbbe706182"
  },
   {
    "product_name": "vivo T2 Pro 5G Moon Black",
    "product_price": 23999,
    "product_img": "assets/Phones/b.webp",
    "product_Description": "The T2 Pro 5G smartphone features a 3D curved AMOLED screen providing bright display with peak brightness of 1300 nits. Improve performance with the MediaTek Dimensity 7200 processor...",
    "product_url": "https://www.flipkart.com/vivo-t2-pro-5g-new-moon-black-256-gb/p/itm1230688cdef18?pid=MOBGT4RZMZFEWDY7&lid=LSTMOBGT4RZMZFEWDY7VBNVSK&marketplace=FLIPKART&sattr[]=color&sattr[]=storage&st=color"
  },
   {
    "product_name": "Maths Concept King ",
    "product_price": 219,
    "product_img": "assets/Books/b.webp",
    "product_Description": "Maths Concept King All Formulas And Theorum | Smart Tricks | Arithmetic & Advance Maths |Edition 2024 | CET, SSC CGL, CPO, CHSL, MTS, CDS, UPSC |All Other Competitive Exams | Formula Book...",
    "product_url": "https://www.flipkart.com/maths-concept-king-all-formulas-theorum-smart-tricks-arithmetic-advance-bilingual-2024-cet-ssc-cgl-cpo-chsl-mts-cds-upsc-all-other-competitive-exams-formula-book/p/itm2629f92642d49?pid=RBKHYZ9SGHURAPTZ&lid=LSTRBKHYZ9SGHURAPTZZCR4AM&marketplace=FLIPKART&q=books&store=bks&spotlightTagId=FkPickId_bks&srno=s_1_3&otracker=search&otracker1=search&fm=Search&iid=980def1d-6060-4dfc-a619-0cc24b1146f2.RBKHYZ9SGHURAPTZ.SEARCH&ppt=sp&ppn=sp&ssid=7zpjgrftzk0000001720254911004&qH=7d8949bcbf85067f"
  }
]