[
  {
    "product_name": "Vivo T2 Pro 5G",
    "product_price": 23999,
    "product_img": "assets/Phones/a.webp",
    "product_Description": "The T2 Pro 5G smartphone features a 3D curved AMOLED screen providing a bright display with a peak brightness of 1300 nits. Improve your performance with the MediaTek Dimensity 7200 processor.....",
    "product_url": "https://www.flipkart.com/vivo-t2-pro-5g-dune-gold-256-gb/p/itm1230688cdef18?pid=MOBGT4RZUPKD8HDK&lid=LSTMOBGT4RZUPKD8HDK4QMUBF&marketplace=FLIPKART&store=tyy%2F4io&spotlightTagId=BestsellerId_tyy%2F4io&srno=b_1_1&otracker=browse&fm=organic&iid=6f18dc64-a8c0-4d06-927a-6e6def3f3973.MOBGT4RZUPKD8HDK.SEARCH&ppt=browse&ppn=browse&ssid=o1290bopuo0000001720254198250"
  },
  {
    "product_name": "Men Round Neck T-Shirts",
    "product_price": 339,
    "product_img": "assets/T-Shirts/a.webp",
    "product_Description": "Blend style and panache with this multi-stripe half-sleeved T-shirt from Louis Philippe Sport. Crafted from fine 100% Cotton for an exquisite feel, this Polo Neck design is knitted in a Slim Fit and exudes effortless charm......",
    "product_url": "https://www.flipkart.com/red-tape-printed-men-round-neck-dark-green-t-shirt/p/itm21f10d854f30e?pid=TSHGVJG93MEMDHVJ&lid=LSTTSHGVJG93MEMDHVJVYSZCC&marketplace=FLIPKART&q=t+shirts&store=clo%2Fash%2Fank%2Fedy&srno=s_1_2&otracker=AS_QueryStore_OrganicAutoSuggest_2_1_na_na_na&otracker1=AS_QueryStore_OrganicAutoSuggest_2_1_na_na_na&fm=search-autosuggest&iid=en_3yZSNFAQF4yZ05ihzwXESKJU4GuzTJp4YJ5-X_ZtdC_ON5U37KKENGO5dUU-9Uy-UMWlDJ7K3f22CU_0FMmm4A%3D%3D&ppt=sp&ppn=sp&ssid=r2wgv0q0ww0000001720179431371&qH=04ad3bdbbe706182"
  },
  {
    "product_name": "Best Combo SSC CGL Exam book",
    "product_price": 549,
    "product_img": "assets/Books/a.webp",
    "product_Description": "These indispensable resources are crafted for SSC CGL aspirants, covering mathematics, English, and reasoning comprehensively. Each chapter features meticulously selected questions from previous exams.....",
    "product_url": "https://www.flipkart.com/best-combo-ssc-cgl-exam-warrior-maths-reasoning-english-bilingual-edition-aditya-ranjan-vikramjeet-prashant-solanki-sir-s-chand-s-exams-book-latest-2024/p/itmdaa6e9fb4e270?pid=RBKH222RAYFWYFWR&lid=LSTRBKH222RAYFWYFWRVIJ1OL&marketplace=FLIPKART&q=books&store=bks&srno=s_1_2&otracker=search&otracker1=search&fm=organic&iid=en_F0-XyaeN7Q-IMqRzPhhAmtXKAwuuXfbNE-fAnfQl5525b5vkVwWkBM-6TycdS_zWUkFuy4FYgc0ZP2uLq2T-b_UFjCTyOHoHZs-Z5_PS_w0%3D&ppt=hp&ppn=homepage&ssid=7zpjgrftzk0000001720254911004&qH=7d8949bcbf85067f"
  },
  {
    "product_name": "Men Polo Neck Pure Cotton T-Shirt",
    "product_price": 610,
    "product_img": "assets/T-Shirts/b.webp",
    "product_Description": "Blend style and panache with this multi-stripe half-sleeved T-shirt from Louis Philippe Sport. Crafted from fine 100% Cotton for an exquisite feel, this Polo Neck design is knitted in a Slim Fit and exudes effortless charm......",
    "product_url": "https://www.flipkart.com/allen-solly-printed-men-polo-neck-navy-blue-t-shirt/p/itm776bde13e6cf9?pid=TSHG2B6F2PR6GDYA&lid=LSTTSHG2B6F2PR6GDYAT73JVC&marketplace=FLIPKART&q=t+shirts&store=clo%2Fash%2Fank%2Fedy&spotlightTagId=TrendingId_clo%2Fash%2Fank%2Fedy&srno=s_1_26&otracker=AS_QueryStore_OrganicAutoSuggest_2_1_na_na_na&otracker1=AS_QueryStore_OrganicAutoSuggest_2_1_na_na_na&fm=search-autosuggest&iid=cf3e8d15-f199-49a1-ae9c-791e02e35128.TSHG2B6F2PR6GDYA.SEARCH&ppt=sp&ppn=sp&qH=04ad3bdbbe706182"
  },
  {
    "product_name": "vivo T2 Pro 5G Moon Black",
    "product_price": 23999,
    "product_img": "assets/Phones/b.webp",
    "product_Description": "The T2 Pro 5G smartphone features a 3D curved AMOLED screen providing a bright display with a peak brightness of 1300 nits. Improve your performance with the MediaTek Dimensity 7200 processor....",
    "product_url": "https://www.flipkart.com/vivo-t2-pro-5g-new-moon-black-256-gb/p/itm1230688cdef18?pid=MOBGT4RZMZFEWDY7&lid=LSTMOBGT4RZMZFEWDY7VBNVSK&marketplace=FLIPKART&sattr[]=color&sattr[]=storage&st=color"
  },
  {
    "product_name": "Maths Concept King ",
    "product_price": 219,
    "product_img": "assets/Books/b.webp",
    "product_Description": "Maths Concept King All Formulas And Theorum | Smart Tricks | Arithmetic & Advance Maths | Edition 2024 | CET, SSC CGL, CPO, CHSL, MTS, CDS, UPSC |All Other Competitive Exams | Formula Book....",
    "product_url": "https://www.flipkart.com/maths-concept-king-all-formulas-theorum-smart-tricks-arithmetic-advance-bilingual-2024-cet-ssc-cgl-cpo-chsl-mts-cds-upsc-all-other-competitive-exams-formula-book/p/itm2629f92642d49?pid=RBKHYZ9SGHURAPTZ&lid=LSTRBKHYZ9SGHURAPTZZCR4AM&marketplace=FLIPKART&q=books&store=bks&spotlightTagId=FkPickId_bks&srno=s_1_3&otracker=search&otracker1=search&fm=Search&iid=980def1d-6060-4dfc-a619-0cc24b1146f2.RBKHYZ9SGHURAPTZ.SEARCH&ppt=sp&ppn=sp&ssid=7zpjgrftzk0000001720254911004&qH=7d8949bcbf85067f"
  },
  {
    "product_name": "Motorola Edge 50 Fusion",
    "product_price": 22999,
    "product_img": "assets/Phones/c.webp",
    "product_Description": "Motorola edge 50 fusion designed to capture its best shots at night with advanced features. The 50MP main camera uses a Sony LYTIA LYT-700C sensor to capture moments ultrafast with low noise in dark environments....",
    "product_url": "https://www.flipkart.com/motorola-edge-50-fusion-marshmallow-blue-128-gb/p/itm7d39b15599c7e?pid=MOBGXTYZEZSZQE7W&lid=LSTMOBGXTYZEZSZQE7WCXS6AO&marketplace=FLIPKART&q=motorola+mobiles&store=tyy%2F4io&srno=s_1_14&otracker=search&otracker1=search&fm=organic&iid=d65a33fc-b62c-4850-ac80-13404831fa7f.MOBGXTYZEZSZQE7W.SEARCH&ppt=pp&ppn=pp&ssid=sc617sf0o00000001720256252566&qH=63c7eed1de4a5737"
  },
  {
    "product_name": "SSC 2024 TCS MCQ Chapter",
    "product_price": 260,
    "product_img": "assets/Books/c.webp",
    "product_Description": "This is MTS (Multi Tasking Staff) chapter wise book with 2430 TCS MCQs. In this book previous year's questions and their solutions are given. This will help you to understand the exam pattern, the types of questions asked....",
    "product_url": "https://www.flipkart.com/ssc-mts-2024-2430-tcs-mcq-chapter-wise-hindi-medium/p/itmc3642099e81bf?pid=RBKGVY3A8GGQPNVH&lid=LSTRBKGVY3A8GGQPNVHSNOGH5&marketplace=FLIPKART&q=books&store=bks&srno=s_1_1&otracker=search&otracker1=search&fm=organic&iid=en_F0-XyaeN7Q-IMqRzPhhAmtXKAwuuXfbNE-fAnfQl550lrrRXU2eiwjEtzIFIwvRvx21sBx4gWEvY2ItoY8xXoA%3D%3D&ppt=hp&ppn=homepage&ssid=7zpjgrftzk0000001720254911004&qH=7d8949bcbf85067f"
  },
  {
    "product_name": "Men Polo Neck Multicolor T-Shirt",
    "product_price": 1239,
    "product_img": "assets/T-Shirts/c.webp",
    "product_Description": "Blend style and panache with this Multi Stripe Half Sleeves T-shirt from Louis Philippe Sport. Crafted from fine 100% Cotton for an exquisite feel, this Polo Neck design is knitted in a Slim Fit and exudes effortless charm....",
    "product_url": "https://www.flipkart.com/louis-philippe-striped-men-polo-neck-multicolor-t-shirt/p/itm99dc5a8d4ddac?pid=TSHGJVJ9CCGUANH9&lid=LSTTSHGJVJ9CCGUANH9R6HW3B&marketplace=FLIPKART&q=t+shirts&store=clo%2Fash%2Fank%2Fedy&srno=s_1_32&otracker=AS_QueryStore_OrganicAutoSuggest_2_1_na_na_na&otracker1=AS_QueryStore_OrganicAutoSuggest_2_1_na_na_na&fm=search-autosuggest&iid=en_3yZSNFAQF4yZ05ihzwXESKJU4GuzTJp4YJ5-X_ZtdC_YBntDkj2U3qWOhM8DYK7FdsezZF4NBjmHW9w0PjNQ2Ehz9c-MSIoFe8xMxkfU6dM%3D&ppt=sp&ppn=sp&qH=04ad3bdbbe706182"
  },
  {
    "product_name": "Men Solid Polo Neck White T-Shirt",
    "product_price": 929,
    "product_img": "assets/T-Shirts/d.webp",
    "product_Description": "Blend style and panache with this Multi Stripe Half Sleeves T-shirt from Louis Philippe Sport. Crafted from fine 100% Cotton for an exquisite feel, this Polo Neck design is knitted in a Slim Fit and exudes effortless charm....",
    "product_url": "https://www.flipkart.com/louis-philippe-jeans-solid-men-polo-neck-white-t-shirt/p/itmef34dca1217d5?pid=TSHGSBF65HXDC5GK&lid=LSTTSHGSBF65HXDC5GKDYVOJ8&marketplace=FLIPKART&q=t+shirts&store=clo%2Fash%2Fank%2Fedy&srno=s_1_33&otracker=AS_QueryStore_OrganicAutoSuggest_2_1_na_na_na&otracker1=AS_QueryStore_OrganicAutoSuggest_2_1_na_na_na&fm=search-autosuggest&iid=cf3e8d15-f199-49a1-ae9c-791e02e35128.TSHGSBF65HXDC5GK.SEARCH&ppt=sp&ppn=sp&qH=04ad3bdbbe706182"
  },
  {
    "product_name": "Motorola Edge 50 Fusion Pink",
    "product_price": 22999,
    "product_img": "assets/Phones/d.webp",
    "product_Description": "Motorola edge 50 fusion is designed to capture its best shots at night with advanced features. The 50MP main camera uses a Sony LYTIA LYT-700C sensor to capture moments ultrafast with low noise even in dark environments....",
    "product_url": "https://www.flipkart.com/motorola-edge-50-fusion-hot-pink-128-gb/p/itmacd7aa615345f?pid=MOBGXTYZCQSXJPC2&lid=LSTMOBGXTYZCQSXJPC2WFIGOL&marketplace=FLIPKART&q=motorola%20mobiles&sattr[]=color&sattr[]=storage&sattr[]=ram&st=color"
  },
  {
    "product_name": "Magic Book(Spiral,GENERIC)",
    "product_price": 149,
    "product_img": "assets/Books/d.webp",
    "product_Description": "Brand:- riush internatiinal For children, it's important for them go to preschool education which is easier to correct the gesture and writing method of holding the pen. The interesting activities in book can bring a lot ...",
    "product_url": "https://www.flipkart.com/magic-book/p/itm53f6726bf2d68?pid=RBKGMAZWYBR7KFGE&lid=LSTRBKGMAZWYBR7KFGES05QFA&marketplace=FLIPKART&q=books&store=bks&srno=s_1_27&otracker=search&otracker1=search&fm=organic&iid=en_F0-XyaeN7Q-IMqRzPhhAmtXKAwuuXfbNE-fAnfQl552SJJskL0YGGTugr21pkRHJ8_9NLMo4jif6W4tzB9dTgg%3D%3D&ppt=hp&ppn=homepage&ssid=7zpjgrftzk0000001720254911004&qH=7d8949bcbf85067f"
  },
  {
    "product_name": "Motorola Edge 50 Fusion(Blue)",
    "product_price": 22999,
    "product_img": "assets/Phones/e.webp",
    "product_Description": "Motorola edge 50 fusion is designed to capture its best shots at night with advanced features. The 50MP main camera uses a Sony LYTIA LYT-700C sensor to capture moments ultrafast with low noise even in dark environments....",
    "product_url": "https://www.flipkart.com/motorola-edge-50-fusion-forest-blue-128-gb/p/itm96f8e586d8d3c?pid=MOBGXTYZMJK85GFG&lid=LSTMOBGXTYZMJK85GFGHTK438&marketplace=FLIPKART&q=motorola%20mobiles&sattr[]=color&sattr[]=storage&sattr[]=ram&st=color"
  },
  {
    "product_name": "All In One Social Science",
    "product_price": 328,
    "product_img": "assets/Books/e.webp",
    "product_Description": "Arihant presents All-in-One, the best-selling series, in a completely revised and fully updated manner. This comprehensive study guide provides all the necessary tools to understand the concepts, practice them....",
    "product_url": "https://www.flipkart.com/all-one-social-science-cbse-kasha-10th-based-latest-ncert-exams-2025-mind-map-each-chapter-clear-concise-theory-intex-exercises-sample-question-papers/p/itmc52963ca1d1b3?pid=9789359986708&lid=LSTBOK9789359986708TGBVCS&marketplace=FLIPKART&q=all+in+one+science&store=bks&spotlightTagId=BestsellerId_bks&srno=s_1_7&otracker=search&otracker1=search&fm=Search&iid=3e8a4b83-31f9-4229-a8cb-037e480e85a2.9789359986708.SEARCH&ppt=sp&ppn=sp&ssid=w6gk2i5r2o0000001720257511346&qH=6782191947eab510"
  },
  {
    "product_name": "Men Polo Neck Yellow T-Shirt",
    "product_price": 730,
    "product_img": "assets/T-Shirts/e.webp",
    "product_Description": "Blend style and panache with this Multi Stripe Half Sleeves T-shirt from Louis Philippe Sport. Crafted from fine 100% Cotton for an exquisite feel, this Polo Neck design is knitted in a Slim Fit and exudes effortless charm....",
    "product_url": "https://www.flipkart.com/raymond-self-design-men-polo-neck-yellow-t-shirt/p/itm2c60885845b97?pid=TSHGZEH4BFDH3QHN&lid=LSTTSHGZEH4BFDH3QHNKVONTS&marketplace=FLIPKART&q=t+shirts&store=clo%2Fash%2Fank%2Fedy&srno=s_1_36&otracker=AS_QueryStore_OrganicAutoSuggest_2_1_na_na_na&otracker1=AS_QueryStore_OrganicAutoSuggest_2_1_na_na_na&fm=search-autosuggest&iid=cf3e8d15-f199-49a1-ae9c-791e02e35128.TSHGZEH4BFDH3QHN.SEARCH&ppt=sp&ppn=sp&qH=04ad3bdbbe706182"
  }
]
