{
  "hash": "6152d32b",
  "configHash": "9e636ae4",
  "lockfileHash": "cfea4a22",
  "browserHash": "2073a70f",
  "optimized": {
    "@angular/common": {
      "src": "../../../../../node_modules/@angular/common/fesm2022/common.mjs",
      "file": "@angular_common.js",
      "fileHash": "fbdce205",
      "needsInterop": false
    },
    "@angular/core": {
      "src": "../../../../../node_modules/@angular/core/fesm2022/core.mjs",
      "file": "@angular_core.js",
      "fileHash": "7a8f42d8",
      "needsInterop": false
    },
    "@angular/forms": {
      "src": "../../../../../node_modules/@angular/forms/fesm2022/forms.mjs",
      "file": "@angular_forms.js",
      "fileHash": "6904ea86",
      "needsInterop": false
    },
    "@angular/platform-browser": {
      "src": "../../../../../node_modules/@angular/platform-browser/fesm2022/platform-browser.mjs",
      "file": "@angular_platform-browser.js",
      "fileHash": "0700c46a",
      "needsInterop": false
    },
    "@angular/router": {
      "src": "../../../../../node_modules/@angular/router/fesm2022/router.mjs",
      "file": "@angular_router.js",
      "fileHash": "126cd7c8",
      "needsInterop": false
    }
  },
  "chunks": {
    "chunk-FPCN6GCT": {
      "file": "chunk-FPCN6GCT.js"
    },
    "chunk-C5AWLI3C": {
      "file": "chunk-C5AWLI3C.js"
    },
    "chunk-37IT5BJX": {
      "file": "chunk-37IT5BJX.js"
    }
  }
}