{
  "hash": "cdc8b656",
  "configHash": "b7309548",
  "lockfileHash": "80185c6f",
  "browserHash": "fe136494",
  "optimized": {
    "@angular/common": {
      "src": "../../../../../node_modules/@angular/common/fesm2022/common.mjs",
      "file": "@angular_common.js",
      "fileHash": "9fa99e7b",
      "needsInterop": false
    },
    "@angular/common/http": {
      "src": "../../../../../node_modules/@angular/common/fesm2022/http.mjs",
      "file": "@angular_common_http.js",
      "fileHash": "535eae0b",
      "needsInterop": false
    },
    "@angular/core": {
      "src": "../../../../../node_modules/@angular/core/fesm2022/core.mjs",
      "file": "@angular_core.js",
      "fileHash": "e8c70f03",
      "needsInterop": false
    },
    "@angular/forms": {
      "src": "../../../../../node_modules/@angular/forms/fesm2022/forms.mjs",
      "file": "@angular_forms.js",
      "fileHash": "811fcfe4",
      "needsInterop": false
    },
    "@angular/platform-browser": {
      "src": "../../../../../node_modules/@angular/platform-browser/fesm2022/platform-browser.mjs",
      "file": "@angular_platform-browser.js",
      "fileHash": "cf9a4fb1",
      "needsInterop": false
    },
    "@angular/router": {
      "src": "../../../../../node_modules/@angular/router/fesm2022/router.mjs",
      "file": "@angular_router.js",
      "fileHash": "babac9ff",
      "needsInterop": false
    }
  },
  "chunks": {
    "chunk-6ESOLZA7": {
      "file": "chunk-6ESOLZA7.js"
    },
    "chunk-7KDMZVDE": {
      "file": "chunk-7KDMZVDE.js"
    },
    "chunk-C5AWLI3C": {
      "file": "chunk-C5AWLI3C.js"
    },
    "chunk-37IT5BJX": {
      "file": "chunk-37IT5BJX.js"
    }
  }
}