{
  "hash": "b63eed1a",
  "configHash": "189b1acc",
  "lockfileHash": "4bdc2dcb",
  "browserHash": "f38e9e0c",
  "optimized": {
    "@angular/core": {
      "src": "../../../../../node_modules/@angular/core/fesm2022/core.mjs",
      "file": "@angular_core.js",
      "fileHash": "0e3fbb2c",
      "needsInterop": false
    },
    "@angular/forms": {
      "src": "../../../../../node_modules/@angular/forms/fesm2022/forms.mjs",
      "file": "@angular_forms.js",
      "fileHash": "ba08255f",
      "needsInterop": false
    },
    "@angular/platform-browser": {
      "src": "../../../../../node_modules/@angular/platform-browser/fesm2022/platform-browser.mjs",
      "file": "@angular_platform-browser.js",
      "fileHash": "3ba60f95",
      "needsInterop": false
    },
    "@angular/router": {
      "src": "../../../../../node_modules/@angular/router/fesm2022/router.mjs",
      "file": "@angular_router.js",
      "fileHash": "09fefb4d",
      "needsInterop": false
    }
  },
  "chunks": {
    "chunk-BM2KI4HJ": {
      "file": "chunk-BM2KI4HJ.js"
    },
    "chunk-CJYSBT4Y": {
      "file": "chunk-CJYSBT4Y.js"
    },
    "chunk-37IT5BJX": {
      "file": "chunk-37IT5BJX.js"
    }
  }
}