{
  "hash": "a0b7514e",
  "configHash": "f71008b4",
  "lockfileHash": "643c1428",
  "browserHash": "7e65f93c",
  "optimized": {
    "@angular/common": {
      "src": "../../../../../node_modules/@angular/common/fesm2022/common.mjs",
      "file": "@angular_common.js",
      "fileHash": "58a49601",
      "needsInterop": false
    },
    "@angular/common/http": {
      "src": "../../../../../node_modules/@angular/common/fesm2022/http.mjs",
      "file": "@angular_common_http.js",
      "fileHash": "e6dc5817",
      "needsInterop": false
    },
    "@angular/core": {
      "src": "../../../../../node_modules/@angular/core/fesm2022/core.mjs",
      "file": "@angular_core.js",
      "fileHash": "43a5c4bb",
      "needsInterop": false
    },
    "@angular/forms": {
      "src": "../../../../../node_modules/@angular/forms/fesm2022/forms.mjs",
      "file": "@angular_forms.js",
      "fileHash": "9905c3dd",
      "needsInterop": false
    },
    "@angular/platform-browser": {
      "src": "../../../../../node_modules/@angular/platform-browser/fesm2022/platform-browser.mjs",
      "file": "@angular_platform-browser.js",
      "fileHash": "a28ebc33",
      "needsInterop": false
    },
    "@angular/router": {
      "src": "../../../../../node_modules/@angular/router/fesm2022/router.mjs",
      "file": "@angular_router.js",
      "fileHash": "dbe89074",
      "needsInterop": false
    }
  },
  "chunks": {
    "chunk-6ESOLZA7": {
      "file": "chunk-6ESOLZA7.js"
    },
    "chunk-7KDMZVDE": {
      "file": "chunk-7KDMZVDE.js"
    },
    "chunk-C5AWLI3C": {
      "file": "chunk-C5AWLI3C.js"
    },
    "chunk-37IT5BJX": {
      "file": "chunk-37IT5BJX.js"
    }
  }
}