{
  "hash": "58b9cdf6",
  "configHash": "a2493808",
  "lockfileHash": "085d3e47",
  "browserHash": "6ae43513",
  "optimized": {
    "@angular/common": {
      "src": "../../../../../node_modules/@angular/common/fesm2022/common.mjs",
      "file": "@angular_common.js",
      "fileHash": "2fd054b8",
      "needsInterop": false
    },
    "@angular/core": {
      "src": "../../../../../node_modules/@angular/core/fesm2022/core.mjs",
      "file": "@angular_core.js",
      "fileHash": "525084e4",
      "needsInterop": false
    },
    "@angular/platform-browser": {
      "src": "../../../../../node_modules/@angular/platform-browser/fesm2022/platform-browser.mjs",
      "file": "@angular_platform-browser.js",
      "fileHash": "53f6d5d9",
      "needsInterop": false
    },
    "@angular/router": {
      "src": "../../../../../node_modules/@angular/router/fesm2022/router.mjs",
      "file": "@angular_router.js",
      "fileHash": "37e3b208",
      "needsInterop": false
    }
  },
  "chunks": {
    "chunk-WU2NOARP": {
      "file": "chunk-WU2NOARP.js"
    },
    "chunk-CB6IC6GE": {
      "file": "chunk-CB6IC6GE.js"
    },
    "chunk-ZU5J2OK7": {
      "file": "chunk-ZU5J2OK7.js"
    }
  }
}