[
  {
    "product_id": 1,
    "product_name": "Smart Watch",
    "product_price": 2000,
    "product_img": "assets/1.webp",
    "product_Description": "Bluetooth Calling Smartwatch - Make & Receive calls on the go through the watch 1.83 HD Display with 2.5D Curved Glass | 240*286 Pixel High Resolution",
    "product_url": "https://www.flipkart.com/fire-boltt-ninja-calling-pro-plus-1-83-inch-display-bluetooth-calling-ai-voice-smartwatch/p/itmf636862a4dfad?pid=SMWGGZ74CHXVWRZQ&lid=LSTSMWGGZ74CHXVWRZQMG1VMF&marketplace=FLIPKART&store=ajy%2Fbuh&srno=b_1_2&otracker=browse&fm=search-autosuggest&iid=en_Ukt8A2dOwS8RipE6121DtaQ5HLWTC_tfb2l4x6MkbCZtE9Nkg3o3uNbNvuXExiob04gaLXtDez6c4GPAv5Blgg%3D%3D&ppt=browse&ppn=browse&ssid=xwcmd7eufk0000001717234433112"
  },
  {
    "product_id": 2,
    "product_name": "Wireless Headphone",
    "product_price": 4000,
    "product_img": "assets/2.webp",
    "product_Description": "With Mic:Yes Automatically on, automatically connected Easy setup for all your Apple devices Quick access to Siri by saying Hey Siri Double-tap to play or skip forward",
    "product_url": "https://www.flipkart.com/apple-airpods-2nd-gen-charging-case-bluetooth-headset-mic/p/itm8f1b2b0173ce4?pid=ACCFF2R85H8YG4WH&lid=LSTACCFF2R85H8YG4WHVYNGWK&marketplace=FLIPKART&store=0pm%2Ffcn&srno=b_1_3&otracker=browse&fm=search-autosuggest&iid=d949a93f-db6e-4713-8c24-843d59c3a88f.ACCFF2R85H8YG4WH.SEARCH&ppt=browse&ppn=browse&ssid=gr1aoqwo5c0000001717234307368"
  },
  {
    "product_id": 3,
    "product_name": "Wireless KeyBoard",
    "product_price": 6000,
    "product_img": "assets/3.webp",
    "product_Description": "Size: Handheld Interface: Bluetooth Bluetooth 5.3 & 2.4 GHz Receiver: Switch between devices effortlessly Effortless Multitasking: Simultaneous pairing with up to three devices Convenient Smartphone Holder Enhanced Functionality with Multimedia Hotkeys",
    "product_url": "https://www.flipkart.com/portronics-bubble-square-wireless-bluetooth-2-4-ghz-3-device-pairing-phone-holder-bluetooth-laptop-keyboard/p/itma8544001f3d92?pid=ACCHY3WSAQNBX25M&lid=LSTACCHY3WSAQNBX25MARDWBY&marketplace=FLIPKART&sattr[]=color&st=color"
  },
  {
    "product_id": 4,
    "product_name": "Realme p1 SmartPhone",
    "product_price": 30000,
    "product_img": "assets/4.webp",
    "product_Description": "68 GB ROM 13.49 cm (5.1 inch) Super Retina XDR Display 48MP + 12MP | 12MP Front Camera A16 Bionic Chip, 4 Core Processor Processor",
    "product_url": "https://www.flipkart.com/realme-p1-5g-phoenix-red-128-gb/p/itmae4447062b5b5?pid=MOBGYQ6BXSENZRV3&lid=LSTMOBGYQ6BXSENZRV35OQT6P&marketplace=FLIPKART&store=tyy%2F4io&srno=b_1_1&otracker=browse&fm=search-autosuggest&iid=026ce9c2-58c3-4ecd-910d-ba0b97ee8bef.MOBGYQ6BXSENZRV3.SEARCH&ppt=hp&ppn=homepage&ssid=j40clalag00000001717235696079"
  },
  {
    "product_id": 5,
    "product_name": "IPhone 15",
    "product_price": 1200000,
    "product_img": "assets/5.webp",
    "product_Description": "128 GB ROM 15.49 cm (6.1 inch) Super Retina XDR Display 48MP + 12MP | 12MP Front Camera A16 Bionic Chip, 6 Core Processor Processor",
    "product_url": "https://www.flipkart.com/apple-iphone-15-black-128-gb/p/itm6ac6485515ae4?pid=MOBGTAGPTB3VS24W&lid=LSTMOBGTAGPTB3VS24WVZNSC6&marketplace=FLIPKART&q=iphone+15&store=tyy%2F4io&spotlightTagId=BestsellerId_tyy%2F4io&srno=s_1_2&otracker=AS_QueryStore_OrganicAutoSuggest_1_2_na_na_ps&otracker1=AS_QueryStore_OrganicAutoSuggest_1_2_na_na_ps&fm=search-autosuggest&iid=44397f2f-ab68-47f7-bd56-6d3539ae3e31.MOBGTAGPTB3VS24W.SEARCH&ppt=sp&ppn=sp&ssid=getk5hqn5c0000001717223247852&qH=2f54b45b321e3ae5"
  },
  {
    "product_id": 6,
    "product_name": "Realme p1 SmartPhone",
    "product_price": 30000,
    "product_img": "assets/4.webp",
    "product_Description": "68 GB ROM 13.49 cm (5.1 inch) Super Retina XDR Display 48MP + 12MP | 12MP Front Camera A16 Bionic Chip, 4 Core Processor Processor",
    "product_url": "https://www.flipkart.com/realme-p1-5g-phoenix-red-128-gb/p/itmae4447062b5b5?pid=MOBGYQ6BXSENZRV3&lid=LSTMOBGYQ6BXSENZRV35OQT6P&marketplace=FLIPKART&store=tyy%2F4io&srno=b_1_1&otracker=browse&fm=search-autosuggest&iid=026ce9c2-58c3-4ecd-910d-ba0b97ee8bef.MOBGYQ6BXSENZRV3.SEARCH&ppt=hp&ppn=homepage&ssid=j40clalag00000001717235696079"
  }
]
